Charges Band,Total,Churned,Avg_Tenure,Churn Rate %
Low (<$35),1735,189,28.671469740634006,10.9
Mid ($35-65),1409,326,26.53087295954578,23.1
High ($65-95),2604,936,30.252688172043012,35.9
Premium (>$95),1295,418,47.94208494208494,32.3
