Service Band,Total,Churned,Avg_Monthly,Churn Rate %
1 service,1781,394,29.84727681078046,22.1
2-3 services,2153,742,59.29714352066883,34.5
4-5 services,1830,521,82.48762295081967,28.5
6+ services,1279,212,97.21618451915559,16.6
