PaymentMethod,Total,Churned,Avg_Monthly,Churn Rate %
Electronic check,2365,1071,76.25581395348837,45.3
Mailed check,1612,308,43.91705955334988,19.1
Bank transfer (automatic),1544,258,67.19264896373056,16.7
Credit card (automatic),1522,232,66.5123850197109,15.2
